[
  {
    "id": "06c23376-813d-4a60-9109-bd02299daefa",
    "data": [
      {
        "text": "há quanto tempo",
        "userDefined": false
      }
    ],
    "isTemplate": false,
    "count": 0,
    "updated": 0
  },
  {
    "id": "81b32039-b0d8-4c55-b5c8-9bd787a31ec4",
    "data": [
      {
        "text": "olá",
        "userDefined": false
      }
    ],
    "isTemplate": false,
    "count": 0,
    "updated": 0
  },
  {
    "id": "868a159f-2b2e-4d4c-9f67-8125bab1ec86",
    "data": [
      {
        "text": "oi",
        "userDefined": false
      }
    ],
    "isTemplate": false,
    "count": 0,
    "updated": 0
  },
  {
    "id": "e4d06e43-6dae-4b83-8a62-0cfed548ad44",
    "data": [
      {
        "text": "opa",
        "userDefined": false
      }
    ],
    "isTemplate": false,
    "count": 0,
    "updated": 0
  },
  {
    "id": "b83cfde2-c1c1-4f30-9598-9fbb69112522",
    "data": [
      {
        "text": "fala aí",
        "userDefined": false
      }
    ],
    "isTemplate": false,
    "count": 0,
    "updated": 0
  },
  {
    "id": "cd76e165-1bd2-4f99-ae54-1a5cebf14f11",
    "data": [
      {
        "text": "fala",
        "userDefined": false
      }
    ],
    "isTemplate": false,
    "count": 0,
    "updated": 0
  },
  {
    "id": "d6372799-f102-4081-bf48-a7bd73719bf5",
    "data": [
      {
        "text": "saudações",
        "userDefined": false
      }
    ],
    "isTemplate": false,
    "count": 0,
    "updated": 0
  },
  {
    "id": "e77fd1ff-82dc-46eb-aeb3-5c54f89aac75",
    "data": [
      {
        "text": "oi tudo bem",
        "userDefined": false
      }
    ],
    "isTemplate": false,
    "count": 0,
    "updated": 0
  },
  {
    "id": "3fba76b7-e40e-4187-b32b-448254b3cba9",
    "data": [
      {
        "text": "e aí",
        "userDefined": false
      }
    ],
    "isTemplate": false,
    "count": 0,
    "updated": 0
  },
  {
    "id": "d0a0bab2-a7fb-44a5-b1db-6dd285ca0ef0",
    "data": [
      {
        "text": "eae",
        "userDefined": false
      }
    ],
    "isTemplate": false,
    "count": 0,
    "updated": 0
  }
]