[
  {
    "id": "fa787a59-c630-4136-b727-7b91af980724",
    "data": [
      {
        "text": "uma coca",
        "alias": "produtos",
        "meta": "@produtos",
        "userDefined": false
      }
    ],
    "isTemplate": false,
    "count": 0,
    "updated": 0
  },
  {
    "id": "7678bd30-32a0-4db4-93ea-57079bdda79f",
    "data": [
      {
        "text": "1 coca",
        "alias": "produtos",
        "meta": "@produtos",
        "userDefined": false
      },
      {
        "text": " e ",
        "userDefined": false
      },
      {
        "text": "1 almoço",
        "alias": "produtos",
        "meta": "@produtos",
        "userDefined": false
      }
    ],
    "isTemplate": false,
    "count": 2,
    "updated": 0
  },
  {
    "id": "ba6b2d2c-4197-4505-9bfb-7ecf8864d43e",
    "data": [
      {
        "text": "1 coca",
        "alias": "produtos",
        "meta": "@produtos",
        "userDefined": false
      },
      {
        "text": " ",
        "userDefined": false
      },
      {
        "text": "2 cerveja",
        "alias": "produtos",
        "meta": "@produtos",
        "userDefined": false
      },
      {
        "text": " e ",
        "userDefined": false
      },
      {
        "text": "1 pepsi",
        "alias": "produtos",
        "meta": "@produtos",
        "userDefined": false
      }
    ],
    "isTemplate": false,
    "count": 0,
    "updated": 0
  },
  {
    "id": "2aca0819-95b5-44f4-a7fe-d0db303b2f59",
    "data": [
      {
        "text": "1 porção de tilápia",
        "alias": "produtos",
        "meta": "@produtos",
        "userDefined": false
      },
      {
        "text": ", ",
        "userDefined": false
      },
      {
        "text": "3 cerveja",
        "alias": "produtos",
        "meta": "@produtos",
        "userDefined": false
      },
      {
        "text": " e ",
        "userDefined": false
      },
      {
        "text": "2 coca",
        "alias": "produtos",
        "meta": "@produtos",
        "userDefined": false
      }
    ],
    "isTemplate": false,
    "count": 0,
    "updated": 0
  },
  {
    "id": "a48cbe09-8b7f-4b8f-b0e3-fecdcc376707",
    "data": [
      {
        "text": "1 porção de tilápia",
        "alias": "produtos",
        "meta": "@produtos",
        "userDefined": false
      },
      {
        "text": " mais ",
        "userDefined": false
      },
      {
        "text": "3 cerveja",
        "alias": "produtos",
        "meta": "@produtos",
        "userDefined": false
      }
    ],
    "isTemplate": false,
    "count": 0,
    "updated": 0
  },
  {
    "id": "c2411eb6-f0b7-4676-9e6a-c8a1c0b5d49a",
    "data": [
      {
        "text": "1 porção de tilápia",
        "alias": "produtos",
        "meta": "@produtos",
        "userDefined": false
      }
    ],
    "isTemplate": false,
    "count": 0,
    "updated": 0
  }
]