[
  {
    "value": "coca",
    "synonyms": [
      "coca",
      "coca-cola"
    ]
  },
  {
    "value": "pepsi",
    "synonyms": [
      "pepsi"
    ]
  },
  {
    "value": "cerveja",
    "synonyms": [
      "cerveja"
    ]
  },
  {
    "value": "hamburguer",
    "synonyms": [
      "hamburguer"
    ]
  },
  {
    "value": "sorvete",
    "synonyms": [
      "sorvete"
    ]
  },
  {
    "value": "almoço",
    "synonyms": [
      "almoço"
    ]
  },
  {
    "value": "porção de tilápia",
    "synonyms": [
      "porção de tilápia"
    ]
  }
]